database,url,link
"African American Communities, 1863-1986",http://www.aac.amdigital.co.uk.ezproxy.lib.vt.edu/,"<a href='http://www.aac.amdigital.co.uk.ezproxy.lib.vt.edu/' target = '_blank'>African American Communities, 1863-1986</a>"
"Age of Exploration, 1410-1920",https://guides.lib.vt.edu/age-exploration,"<a href='https://guides.lib.vt.edu/age-exploration' target = '_blank'>Age of Exploration, 1410-1920</a>"
America in World War II:  Oral Histories and Personal Accounts,https://guides.lib.vt.edu/america-ww2-oral-histories,<a href='https://guides.lib.vt.edu/america-ww2-oral-histories' target = '_blank'>America in World War II:  Oral Histories and Personal Accounts</a>
"American History, 1493-1945",https://guides.lib.vt.edu/american-history-1493-1945,"<a href='https://guides.lib.vt.edu/american-history-1493-1945' target = '_blank'>American History, 1493-1945</a>"
Amnisty International Archives 1961-1991,https://www-amnestyinternationalhumanrights-amdigital-co-uk.ezproxy.lib.vt.edu/,<a href='https://www-amnestyinternationalhumanrights-amdigital-co-uk.ezproxy.lib.vt.edu/' target = '_blank'>Amnisty International Archives 1961-1991</a>
"Indigenous Histories and Cultures in North America, 17th-mid-20th cent",https://guides.lib.vt.edu/indigenous-histories-cultures-north-america,"<a href='https://guides.lib.vt.edu/indigenous-histories-cultures-north-america' target = '_blank'>Indigenous Histories and Cultures in North America, 17th-mid-20th cent</a>"
"Indigenous Newspapers in North America, 1826-2016",https://www-indigenousnewspapersinnorthamerica-amdigital-co-uk.ezproxy.lib.vt.edu/,"<a href='https://www-indigenousnewspapersinnorthamerica-amdigital-co-uk.ezproxy.lib.vt.edu/' target = '_blank'>Indigenous Newspapers in North America, 1826-2016</a>"
"American West, early 18th-mid-20th cent",https://www-americanwest-amdigital-co-uk.ezproxy.lib.vt.edu/,"<a href='https://www-americanwest-amdigital-co-uk.ezproxy.lib.vt.edu/' target = '_blank'>American West, early 18th-mid-20th cent</a>"
"Apartheid South Africa, 1948 - 1994",https://www-archivesdirect-amdigital-co-uk.ezproxy.lib.vt.edu/Apartheid,"<a href='https://www-archivesdirect-amdigital-co-uk.ezproxy.lib.vt.edu/Apartheid' target = '_blank'>Apartheid South Africa, 1948 - 1994</a>"
Broadcasting America 1910s-1986,https://www-broadcastingamerica-amdigital-co-uk.ezproxy.lib.vt.edu/?sessionId=&sessionENC=Kb8L8Ka2Nx%2fBHF%2bc4iBK4qeZZdr9n0A2KaAnlA1nxEx58%2fXCI%2fhCQETU6VoMvZqYbY4RiG8zgJFSs13CUoKlg%2bbepoQmkulI6H7yFhl1fLk%3d&returnURL=https%3a%2f%2fwww.broadcastingamerica.amdigital.co.uk%2f&JWTtoken=eyJhbGciOiJIUzI1NiIsInR5cCI6IkpXVCJ9.eyJ0eXAiOiJFeHQiLCJkYXRhIjp7IldlYnNpdGVLZXkiOiJicm9hZGNhc3RpbmciLCJPcmdhbmlzYXRpb25JZCI6IjIyMTY0IiwiT3JnYW5pc2F0aW9uTmFtZSI6IlZpcmdpbmlhIFRlY2giLCJBY2Nlc3NUeXBlIjoiRnVsbCIsIldlYnNpdGVJZCI6IjE1MiJ9LCJleHAiOjE3NDE1NTc4OTUsIm9pZCI6MjIxNjR9._tRWcW7uGIcsncR1XfMj8_CezwMX-YEgc3MmZvtK56U1910s-1986,<a href='https://www-broadcastingamerica-amdigital-co-uk.ezproxy.lib.vt.edu/?sessionId=&sessionENC=Kb8L8Ka2Nx%2fBHF%2bc4iBK4qeZZdr9n0A2KaAnlA1nxEx58%2fXCI%2fhCQETU6VoMvZqYbY4RiG8zgJFSs13CUoKlg%2bbepoQmkulI6H7yFhl1fLk%3d&returnURL=https%3a%2f%2fwww.broadcastingamerica.amdigital.co.uk%2f&JWTtoken=eyJhbGciOiJIUzI1NiIsInR5cCI6IkpXVCJ9.eyJ0eXAiOiJFeHQiLCJkYXRhIjp7IldlYnNpdGVLZXkiOiJicm9hZGNhc3RpbmciLCJPcmdhbmlzYXRpb25JZCI6IjIyMTY0IiwiT3JnYW5pc2F0aW9uTmFtZSI6IlZpcmdpbmlhIFRlY2giLCJBY2Nlc3NUeXBlIjoiRnVsbCIsIldlYnNpdGVJZCI6IjE1MiJ9LCJleHAiOjE3NDE1NTc4OTUsIm9pZCI6MjIxNjR9._tRWcW7uGIcsncR1XfMj8_CezwMX-YEgc3MmZvtK56U1910s-1986' target = '_blank'>Broadcasting America 1910s-1986</a>
"Children’s Literature and Culture, 1820s-1920s",https://guides.lib.vt.edu/childrens-lit-culture,"<a href='https://guides.lib.vt.edu/childrens-lit-culture' target = '_blank'>Children’s Literature and Culture, 1820s-1920s</a>"
"China, America and The Pacific: Trade & Cultural Exchange [early 18th-early 20th cent]",https://www-cap-amdigital-co-uk.ezproxy.lib.vt.edu/,"<a href='https://www-cap-amdigital-co-uk.ezproxy.lib.vt.edu/' target = '_blank'>China, America and The Pacific: Trade & Cultural Exchange [early 18th-early 20th cent]</a>"
"China: Culture and Society, c1750-1929",https://www-chinacultureandsociety-amdigital-co-uk.ezproxy.lib.vt.edu/,"<a href='https://www-chinacultureandsociety-amdigital-co-uk.ezproxy.lib.vt.edu/' target = '_blank'>China: Culture and Society, c1750-1929</a>"
"China: Trade, Politics and Culture, 1793-1980",https://www-china-amdigital-co-uk.ezproxy.lib.vt.edu/,"<a href='https://www-china-amdigital-co-uk.ezproxy.lib.vt.edu/' target = '_blank'>China: Trade, Politics and Culture, 1793-1980</a>"
"Church Missionary Society Periodicals, 1804-2009",https://guides.lib.vt.edu/church-missionary-society-periodicals,"<a href='https://guides.lib.vt.edu/church-missionary-society-periodicals' target = '_blank'>Church Missionary Society Periodicals, 1804-2009</a>"
"Colonial America, 1606-1822",https://guides.lib.vt.edu/colonial-america,"<a href='https://guides.lib.vt.edu/colonial-america' target = '_blank'>Colonial America, 1606-1822</a>"
Colonial Carribean 1830-1870,https://www-colonialcaribbean-amdigital-co-uk.ezproxy.lib.vt.edu/?sessionId=&sessionENC=2MKRZgb%2f52W5xCWPdj4YAIYQLHym4kODd%2fiD6jWgtAxAVU85QjC%2fb2t7twFhNZPpgPOee3bslnZDNcp1phPjlegLIve7uwwrWhKAlui34wc%3d&returnURL=https%3a%2f%2fwww.colonialcaribbean.amdigital.co.uk%2f&JWTtoken=eyJhbGciOiJIUzI1NiIsInR5cCI6IkpXVCJ9.eyJ0eXAiOiJFeHQiLCJkYXRhIjp7IldlYnNpdGVLZXkiOiJjb2xvbmlhbGNhcmliYmVhbjMiLCJPcmdhbmlzYXRpb25JZCI6IjIyMTY0IiwiT3JnYW5pc2F0aW9uTmFtZSI6IlZpcmdpbmlhIFRlY2giLCJBY2Nlc3NUeXBlIjoiRnVsbCIsIldlYnNpdGVJZCI6IjEyOSIsImZhbSI6IjE2NywyMDIiLCJhYW0iOiJmYWxzZSIsImFzbSI6ImZhbHNlIn0sImV4cCI6MTc0MTU1ODE5OCwib2lkIjoyMjE2NH0.8ni-ccREAMku4jxWeOvCiPbc6vNpbqrKBh7q54I01Jw,<a href='https://www-colonialcaribbean-amdigital-co-uk.ezproxy.lib.vt.edu/?sessionId=&sessionENC=2MKRZgb%2f52W5xCWPdj4YAIYQLHym4kODd%2fiD6jWgtAxAVU85QjC%2fb2t7twFhNZPpgPOee3bslnZDNcp1phPjlegLIve7uwwrWhKAlui34wc%3d&returnURL=https%3a%2f%2fwww.colonialcaribbean.amdigital.co.uk%2f&JWTtoken=eyJhbGciOiJIUzI1NiIsInR5cCI6IkpXVCJ9.eyJ0eXAiOiJFeHQiLCJkYXRhIjp7IldlYnNpdGVLZXkiOiJjb2xvbmlhbGNhcmliYmVhbjMiLCJPcmdhbmlzYXRpb25JZCI6IjIyMTY0IiwiT3JnYW5pc2F0aW9uTmFtZSI6IlZpcmdpbmlhIFRlY2giLCJBY2Nlc3NUeXBlIjoiRnVsbCIsIldlYnNpdGVJZCI6IjEyOSIsImZhbSI6IjE2NywyMDIiLCJhYW0iOiJmYWxzZSIsImFzbSI6ImZhbHNlIn0sImV4cCI6MTc0MTU1ODE5OCwib2lkIjoyMjE2NH0.8ni-ccREAMku4jxWeOvCiPbc6vNpbqrKBh7q54I01Jw' target = '_blank'>Colonial Carribean 1830-1870</a>
"Confidential Print [UK]: Africa, 1834-1967",https://www-archivesdirect-amdigital-co-uk.ezproxy.lib.vt.edu/CP_Africa,"<a href='https://www-archivesdirect-amdigital-co-uk.ezproxy.lib.vt.edu/CP_Africa' target = '_blank'>Confidential Print [UK]: Africa, 1834-1967</a>"
"Confidential Print [UK]: Latin America, 1839-1969",https://www-archivesdirect-amdigital-co-uk.ezproxy.lib.vt.edu/CP_LatinAmerica,"<a href='https://www-archivesdirect-amdigital-co-uk.ezproxy.lib.vt.edu/CP_LatinAmerica' target = '_blank'>Confidential Print [UK]: Latin America, 1839-1969</a>"
"Confidential Print [UK]: Middle East, 1839-1970",https://www-archivesdirect-amdigital-co-uk.ezproxy.lib.vt.edu/CP_MiddleEast,"<a href='https://www-archivesdirect-amdigital-co-uk.ezproxy.lib.vt.edu/CP_MiddleEast' target = '_blank'>Confidential Print [UK]: Middle East, 1839-1970</a>"
"Confidential Print [UK]: North America, 1824-1961",https://www-archivesdirect-amdigital-co-uk.ezproxy.lib.vt.edu/CP_NorthAmerica,"<a href='https://www-archivesdirect-amdigital-co-uk.ezproxy.lib.vt.edu/CP_NorthAmerica' target = '_blank'>Confidential Print [UK]: North America, 1824-1961</a>"
Conflict in Indochina 1959-1979,https://www-conflictinindochina-amdigital-co-uk.ezproxy.lib.vt.edu/?sessionId=&sessionENC=okDktvSh38HnsdyIdUKddEpZy0JV5GDuOiPl3%2fUyaSmhkDBTxBGg%2fSIxSEulfjBu%2bVCKnfZQULfQ8j4r29tpaH6Bpd24gb2PfDS7oQeoYoQ%3d&returnURL=https%3a%2f%2fwww.conflictinindochina.amdigital.co.uk%2f&JWTtoken=eyJhbGciOiJIUzI1NiIsInR5cCI6IkpXVCJ9.eyJ0eXAiOiJFeHQiLCJkYXRhIjp7IldlYnNpdGVLZXkiOiJ1YXRjb25mbGljdGluaW5kb2NoaW5hIiwiT3JnYW5pc2F0aW9uSWQiOiIyMjE2NCIsIk9yZ2FuaXNhdGlvbk5hbWUiOiJWaXJnaW5pYSBUZWNoIiwiQWNjZXNzVHlwZSI6IkZ1bGwiLCJXZWJzaXRlSWQiOiIxODAiLCJmYW0iOiIyMTYsMjIyIiwiYWFtIjoidHJ1ZSIsImFzbSI6InRydWUifSwiZXhwIjoxNzQxNTU4OTE2LCJvaWQiOjIyMTY0fQ.tcIouNSVuR5sZtanYkC1lrfRy5CRScdvN38MKdHV6ZU,<a href='https://www-conflictinindochina-amdigital-co-uk.ezproxy.lib.vt.edu/?sessionId=&sessionENC=okDktvSh38HnsdyIdUKddEpZy0JV5GDuOiPl3%2fUyaSmhkDBTxBGg%2fSIxSEulfjBu%2bVCKnfZQULfQ8j4r29tpaH6Bpd24gb2PfDS7oQeoYoQ%3d&returnURL=https%3a%2f%2fwww.conflictinindochina.amdigital.co.uk%2f&JWTtoken=eyJhbGciOiJIUzI1NiIsInR5cCI6IkpXVCJ9.eyJ0eXAiOiJFeHQiLCJkYXRhIjp7IldlYnNpdGVLZXkiOiJ1YXRjb25mbGljdGluaW5kb2NoaW5hIiwiT3JnYW5pc2F0aW9uSWQiOiIyMjE2NCIsIk9yZ2FuaXNhdGlvbk5hbWUiOiJWaXJnaW5pYSBUZWNoIiwiQWNjZXNzVHlwZSI6IkZ1bGwiLCJXZWJzaXRlSWQiOiIxODAiLCJmYW0iOiIyMTYsMjIyIiwiYWFtIjoidHJ1ZSIsImFzbSI6InRydWUifSwiZXhwIjoxNzQxNTU4OTE2LCJvaWQiOjIyMTY0fQ.tcIouNSVuR5sZtanYkC1lrfRy5CRScdvN38MKdHV6ZU' target = '_blank'>Conflict in Indochina 1959-1979</a>
"Defining Gender, 1450-1910, Online",https://www-gender-amdigital-co-uk.ezproxy.lib.vt.edu/,"<a href='https://www-gender-amdigital-co-uk.ezproxy.lib.vt.edu/' target = '_blank'>Defining Gender, 1450-1910, Online</a>"
Early America Sources 1500-1900,https://www.earlyamericansources.org/,<a href='https://www.earlyamericansources.org/' target = '_blank'>Early America Sources 1500-1900</a>
"Early Modern England: Society, Culture and Everyday Life, 1500-1700",https://guides.lib.vt.edu/early-modern-england,"<a href='https://guides.lib.vt.edu/early-modern-england' target = '_blank'>Early Modern England: Society, Culture and Everyday Life, 1500-1700</a>"
"East India Company [UK], 1599-1947   ",https://guides.lib.vt.edu/east-india-company,"<a href='https://guides.lib.vt.edu/east-india-company' target = '_blank'>East India Company [UK], 1599-1947   </a>"
"Eighteenth Century Drama: Censorship and the Stage, 1737-1824",https://www-eighteenthcenturydrama-amdigital-co-uk.ezproxy.lib.vt.edu/,"<a href='https://www-eighteenthcenturydrama-amdigital-co-uk.ezproxy.lib.vt.edu/' target = '_blank'>Eighteenth Century Drama: Censorship and the Stage, 1737-1824</a>"
"Eighteenth Century Journals, c. 1685-1835.",https://www-18thcjournals-amdigital-co-uk.ezproxy.lib.vt.edu/,"<a href='https://www-18thcjournals-amdigital-co-uk.ezproxy.lib.vt.edu/' target = '_blank'>Eighteenth Century Journals, c. 1685-1835.</a>"
"Empire Online, late 15th-early 21st cent",https://www-empire-amdigital-co-uk.ezproxy.lib.vt.edu/,"<a href='https://www-empire-amdigital-co-uk.ezproxy.lib.vt.edu/' target = '_blank'>Empire Online, late 15th-early 21st cent</a>"
"Ethnomusicology: Global Field Recordings, 1950-1980",https://guides.lib.vt.edu/ethnomusicology-global-field-recordings,"<a href='https://guides.lib.vt.edu/ethnomusicology-global-field-recordings' target = '_blank'>Ethnomusicology: Global Field Recordings, 1950-1980</a>"
"Everyday Life and Women In America, c1800-1920",https://www-everydaylife-amdigital-co-uk.ezproxy.lib.vt.edu/,"<a href='https://www-everydaylife-amdigital-co-uk.ezproxy.lib.vt.edu/' target = '_blank'>Everyday Life and Women In America, c1800-1920</a>"
First World War,https://guides.lib.vt.edu/first-world-war,<a href='https://guides.lib.vt.edu/first-world-war' target = '_blank'>First World War</a>
"Food and Drink in History, 1514-2010",https://guides.lib.vt.edu/food-drink-history,"<a href='https://guides.lib.vt.edu/food-drink-history' target = '_blank'>Food and Drink in History, 1514-2010</a>"
"Foreign Office [UK] Files for China, 1919-1980",https://www-archivesdirect-amdigital-co-uk.ezproxy.lib.vt.edu/FO_China,"<a href='https://www-archivesdirect-amdigital-co-uk.ezproxy.lib.vt.edu/FO_China' target = '_blank'>Foreign Office [UK] Files for China, 1919-1980</a>"
"Foreign Office [UK] Files for India, Pakistan and Afghanistan, 1947-1980",https://guides.lib.vt.edu/fof-india-packistan-afghan,"<a href='https://guides.lib.vt.edu/fof-india-packistan-afghan' target = '_blank'>Foreign Office [UK] Files for India, Pakistan and Afghanistan, 1947-1980</a>"
"Foreign Office [UK] Files for Japan, 1919-1952 ",https://guides.lib.vt.edu/fof-japan,"<a href='https://guides.lib.vt.edu/fof-japan' target = '_blank'>Foreign Office [UK] Files for Japan, 1919-1952 </a>"
"Foreign Office [UK] Files for South East Asia, 1963-1980",http://www.archivesdirect.amdigital.co.uk/FO_SEAsia,"<a href='http://www.archivesdirect.amdigital.co.uk/FO_SEAsia' target = '_blank'>Foreign Office [UK] Files for South East Asia, 1963-1980</a>"
"Foreign Office [UK] Files for the Middle East, 1971-1981",https://guides.lib.vt.edu/fof-middle-east,"<a href='https://guides.lib.vt.edu/fof-middle-east' target = '_blank'>Foreign Office [UK] Files for the Middle East, 1971-1981</a>"
"Frontier Life: Borderland and Colonial Encounters, 1650-1920",https://guides.lib.vt.edu/frontier-life,"<a href='https://guides.lib.vt.edu/frontier-life' target = '_blank'>Frontier Life: Borderland and Colonial Encounters, 1650-1920</a>"
"Gender: Identity and Social Change, 19th-21st cent ",https://guides.lib.vt.edu/gender-identity-social-change,"<a href='https://guides.lib.vt.edu/gender-identity-social-change' target = '_blank'>Gender: Identity and Social Change, 19th-21st cent </a>"
"Global Commodities: Trade, Exploration and Cultural Exchange, 18th-20th cent",https://www-globalcommodities-amdigital-co-uk.ezproxy.lib.vt.edu/,"<a href='https://www-globalcommodities-amdigital-co-uk.ezproxy.lib.vt.edu/' target = '_blank'>Global Commodities: Trade, Exploration and Cultural Exchange, 18th-20th cent</a>"
"India, Raj & Empire, 1615-1947 ",https://guides.lib.vt.edu/india-raj-empire,"<a href='https://guides.lib.vt.edu/india-raj-empire' target = '_blank'>India, Raj & Empire, 1615-1947 </a>"
"J. Walter Thompson: Advertising America, 1900-2000",https://guides.lib.vt.edu/advertising-america,"<a href='https://guides.lib.vt.edu/advertising-america' target = '_blank'>J. Walter Thompson: Advertising America, 1900-2000</a>"
"Jewish Life in America, c 1654-1954",http://www.jewishlife.amdigital.co.uk.ezproxy.lib.vt.edu/,"<a href='http://www.jewishlife.amdigital.co.uk.ezproxy.lib.vt.edu/' target = '_blank'>Jewish Life in America, c 1654-1954</a>"
"Leisure, Travel & Mass Culture: The History of Tourism, 1850-1980",https://guides.lib.vt.edu/leisure-travel-mass-culture,"<a href='https://guides.lib.vt.edu/leisure-travel-mass-culture' target = '_blank'>Leisure, Travel & Mass Culture: The History of Tourism, 1850-1980</a>"
Literary Manuscripts: 17th and 18th Century Poetry [Berg],https://www-literarymanuscriptsberg-amdigital-co-uk.ezproxy.lib.vt.edu/,<a href='https://www-literarymanuscriptsberg-amdigital-co-uk.ezproxy.lib.vt.edu/' target = '_blank'>Literary Manuscripts: 17th and 18th Century Poetry [Berg]</a>
Literary Manuscripts: 17th and 18th Century Poetry [Leeds],https://www-literarymanuscriptsleeds-amdigital-co-uk.ezproxy.lib.vt.edu/,<a href='https://www-literarymanuscriptsleeds-amdigital-co-uk.ezproxy.lib.vt.edu/' target = '_blank'>Literary Manuscripts: 17th and 18th Century Poetry [Leeds]</a>
"Literary Print Culture: The Stationers' Company Archive, 1554-1984 ",https://guides.lib.vt.edu/literary-print-culture,"<a href='https://guides.lib.vt.edu/literary-print-culture' target = '_blank'>Literary Print Culture: The Stationers' Company Archive, 1554-1984 </a>"
"London Low Life: Street culture, Social Reform, and the Victorian Underworld, 19th cent",http://www.londonlowlife.amdigital.co.uk.ezproxy.lib.vt.edu/,"<a href='http://www.londonlowlife.amdigital.co.uk.ezproxy.lib.vt.edu/' target = '_blank'>London Low Life: Street culture, Social Reform, and the Victorian Underworld, 19th cent</a>"
"Macmillan Cabinet Papers, 1957-1963",https://www-archivesdirect-amdigital-co-uk.ezproxy.lib.vt.edu/Macmillan,"<a href='https://www-archivesdirect-amdigital-co-uk.ezproxy.lib.vt.edu/Macmillan' target = '_blank'>Macmillan Cabinet Papers, 1957-1963</a>"
"Market Research & American Business, 1935-1965",https://guides.lib.vt.edu/market-research-american-business,"<a href='https://guides.lib.vt.edu/market-research-american-business' target = '_blank'>Market Research & American Business, 1935-1965</a>"
"Mass Observation Online, 1937 - 1967",https://www-massobservation-amdigital-co-uk.ezproxy.lib.vt.edu/,"<a href='https://www-massobservation-amdigital-co-uk.ezproxy.lib.vt.edu/' target = '_blank'>Mass Observation Online, 1937 - 1967</a>"
"Mass Observation Project, 1980-1990s",https://www-massobservationproject-amdigital-co-uk.ezproxy.lib.vt.edu/,"<a href='https://www-massobservationproject-amdigital-co-uk.ezproxy.lib.vt.edu/' target = '_blank'>Mass Observation Project, 1980-1990s</a>"
"Medical Services and Warfare, 1850-1949",http://www.medicalservicesandwarfare.amdigital.co.uk.ezproxy.lib.vt.edu/,"<a href='http://www.medicalservicesandwarfare.amdigital.co.uk.ezproxy.lib.vt.edu/' target = '_blank'>Medical Services and Warfare, 1850-1949</a>"
"Medieval Family Life, c1400-1490",http://www.medievalfamilylife.amdigital.co.uk.ezproxy.lib.vt.edu/,"<a href='http://www.medievalfamilylife.amdigital.co.uk.ezproxy.lib.vt.edu/' target = '_blank'>Medieval Family Life, c1400-1490</a>"
"Medieval Travel Writing, 13th-16th cent",http://www.medievaltravel.amdigital.co.uk.ezproxy.lib.vt.edu/,"<a href='http://www.medievaltravel.amdigital.co.uk.ezproxy.lib.vt.edu/' target = '_blank'>Medieval Travel Writing, 13th-16th cent</a>"
Meiji Japan 1838-1925,http://www.aap.amdigital.co.uk.ezproxy.lib.vt.edu/default.aspx,<a href='http://www.aap.amdigital.co.uk.ezproxy.lib.vt.edu/default.aspx' target = '_blank'>Meiji Japan 1838-1925</a>
Mexico in History 1500-1920,https://www-mexicoinhistory-amdigital-co-uk.ezproxy.lib.vt.edu/?sessionId=&sessionENC=8BQmrbS3uTTaiDrpwK4K%2fkJiUVZCoBxnu6QVXrhGs6DzobXcs6NGUB98f1PqkZcuH8lHXgg5ZFx0SfOLrdZ81kEXkkHjnoZuss57UBgh6bE%3d&returnURL=https%3a%2f%2fwww.mexicoinhistory.amdigital.co.uk%2f&JWTtoken=eyJhbGciOiJIUzI1NiIsInR5cCI6IkpXVCJ9.eyJ0eXAiOiJFeHQiLCJkYXRhIjp7IldlYnNpdGVLZXkiOiJtZXhpY29pbmhpc3RvcnkiLCJPcmdhbmlzYXRpb25JZCI6IjIyMTY0IiwiT3JnYW5pc2F0aW9uTmFtZSI6IlZpcmdpbmlhIFRlY2giLCJBY2Nlc3NUeXBlIjoiRnVsbCIsIldlYnNpdGVJZCI6IjE4NiJ9LCJleHAiOjE3NDE2MjkyNjksIm9pZCI6MjIxNjR9.G-JLzpTEVriiPTChTizfCGJ3MXHLthcQ698tZepdYC4,<a href='https://www-mexicoinhistory-amdigital-co-uk.ezproxy.lib.vt.edu/?sessionId=&sessionENC=8BQmrbS3uTTaiDrpwK4K%2fkJiUVZCoBxnu6QVXrhGs6DzobXcs6NGUB98f1PqkZcuH8lHXgg5ZFx0SfOLrdZ81kEXkkHjnoZuss57UBgh6bE%3d&returnURL=https%3a%2f%2fwww.mexicoinhistory.amdigital.co.uk%2f&JWTtoken=eyJhbGciOiJIUzI1NiIsInR5cCI6IkpXVCJ9.eyJ0eXAiOiJFeHQiLCJkYXRhIjp7IldlYnNpdGVLZXkiOiJtZXhpY29pbmhpc3RvcnkiLCJPcmdhbmlzYXRpb25JZCI6IjIyMTY0IiwiT3JnYW5pc2F0aW9uTmFtZSI6IlZpcmdpbmlhIFRlY2giLCJBY2Nlc3NUeXBlIjoiRnVsbCIsIldlYnNpdGVJZCI6IjE4NiJ9LCJleHAiOjE3NDE2MjkyNjksIm9pZCI6MjIxNjR9.G-JLzpTEVriiPTChTizfCGJ3MXHLthcQ698tZepdYC4' target = '_blank'>Mexico in History 1500-1920</a>
"Migration to New Worlds, 1800-1980",https://guides.lib.vt.edu/migration-new-world,"<a href='https://guides.lib.vt.edu/migration-new-world' target = '_blank'>Migration to New Worlds, 1800-1980</a>"
"Nineteenth Century Literary Society: The John Murray Publishing Archive, c. 1768-1900",https://www-nineteenthcenturyliterarysociety-amdigital-co-uk.ezproxy.lib.vt.edu/,"<a href='https://www-nineteenthcenturyliterarysociety-amdigital-co-uk.ezproxy.lib.vt.edu/' target = '_blank'>Nineteenth Century Literary Society: The John Murray Publishing Archive, c. 1768-1900</a>"
"Nixon Years, 1969-1974",https://www-archivesdirect-amdigital-co-uk.ezproxy.lib.vt.edu/Nixon,"<a href='https://www-archivesdirect-amdigital-co-uk.ezproxy.lib.vt.edu/Nixon' target = '_blank'>Nixon Years, 1969-1974</a>"
The Olympic Movement 1896-1992,https://www-theolympicmovement-amdigital-co-uk.ezproxy.lib.vt.edu/?sessionId=&sessionENC=rhdQa6UFsAAWGRjdnn9Bo9dcO6t9%2fdFRx8jQrSLr53UEwSDKTnjk6qO8aWFW50Cox%2fenjrsBheAc3dYnTrDnVDCuyBkVT2iTXrsy22Nci%2fA%3d&returnURL=https%3a%2f%2fwww.theolympicmovement.amdigital.co.uk%2f&JWTtoken=eyJhbGciOiJIUzI1NiIsInR5cCI6IkpXVCJ9.eyJ0eXAiOiJFeHQiLCJkYXRhIjp7IldlYnNpdGVLZXkiOiJvbHltcGljbW92ZW1lbnQiLCJPcmdhbmlzYXRpb25JZCI6IjIyMTY0IiwiT3JnYW5pc2F0aW9uTmFtZSI6IlZpcmdpbmlhIFRlY2giLCJBY2Nlc3NUeXBlIjoiRnVsbCIsIldlYnNpdGVJZCI6IjE4NyJ9LCJleHAiOjE3NDE1NTkzNTksIm9pZCI6MjIxNjR9.7B7WMZ57EjiWf1cmzZJhPWaRgb3TQMZbH04StZXotAc,<a href='https://www-theolympicmovement-amdigital-co-uk.ezproxy.lib.vt.edu/?sessionId=&sessionENC=rhdQa6UFsAAWGRjdnn9Bo9dcO6t9%2fdFRx8jQrSLr53UEwSDKTnjk6qO8aWFW50Cox%2fenjrsBheAc3dYnTrDnVDCuyBkVT2iTXrsy22Nci%2fA%3d&returnURL=https%3a%2f%2fwww.theolympicmovement.amdigital.co.uk%2f&JWTtoken=eyJhbGciOiJIUzI1NiIsInR5cCI6IkpXVCJ9.eyJ0eXAiOiJFeHQiLCJkYXRhIjp7IldlYnNpdGVLZXkiOiJvbHltcGljbW92ZW1lbnQiLCJPcmdhbmlzYXRpb25JZCI6IjIyMTY0IiwiT3JnYW5pc2F0aW9uTmFtZSI6IlZpcmdpbmlhIFRlY2giLCJBY2Nlc3NUeXBlIjoiRnVsbCIsIldlYnNpdGVJZCI6IjE4NyJ9LCJleHAiOjE3NDE1NTkzNTksIm9pZCI6MjIxNjR9.7B7WMZ57EjiWf1cmzZJhPWaRgb3TQMZbH04StZXotAc' target = '_blank'>The Olympic Movement 1896-1992</a>
"Perdita Manuscripts, 1500-1700",https://www-perditamanuscripts-amdigital-co-uk.ezproxy.lib.vt.edu/,"<a href='https://www-perditamanuscripts-amdigital-co-uk.ezproxy.lib.vt.edu/' target = '_blank'>Perdita Manuscripts, 1500-1700</a>"
"Popular Culture in Britain and America, 1950-1975",http://www.rockandroll.amdigital.co.uk.ezproxy.lib.vt.edu/,"<a href='http://www.rockandroll.amdigital.co.uk.ezproxy.lib.vt.edu/' target = '_blank'>Popular Culture in Britain and America, 1950-1975</a>"
"Popular Medicine in America, 1800-1900 ",https://guides.lib.vt.edu/popular-medicine-america,"<a href='https://guides.lib.vt.edu/popular-medicine-america' target = '_blank'>Popular Medicine in America, 1800-1900 </a>"
"Poverty, Philanthropy and Social Conditions in Victorian Britain, 1800-1900",https://guides.lib.vt.edu/poverty-philanthropy-social-conditions,"<a href='https://guides.lib.vt.edu/poverty-philanthropy-social-conditions' target = '_blank'>Poverty, Philanthropy and Social Conditions in Victorian Britain, 1800-1900</a>"
"Race Relations in America, 1943-1970 ",https://guides.lib.vt.edu/race-relations-america,"<a href='https://guides.lib.vt.edu/race-relations-america' target = '_blank'>Race Relations in America, 1943-1970 </a>"
"Romanticism: Life, Literature and Landscape 18th-20th cent",https://guides.lib.vt.edu/romanticism,"<a href='https://guides.lib.vt.edu/romanticism' target = '_blank'>Romanticism: Life, Literature and Landscape 18th-20th cent</a>"
Royal Shakespere Company Archives 1889-2013,https://www-royalshakespearecompanyarchives-amdigital-co-uk.ezproxy.lib.vt.edu/?sessionId=&sessionENC=Cj3r4Uwpg7uR0BOyrZETb%2fw1uITCp31x%2fY4riJxBsmxsfn2vCCPJlnPuS7pPxc%2fIw3NY9yHwzOLrWJWR7JAsiSl8mlXP3lc5EPlWLIANpDw%3d&returnURL=https%3a%2f%2fwww.royalshakespearecompanyarchives.amdigital.co.uk%2f&JWTtoken=eyJhbGciOiJIUzI1NiIsInR5cCI6IkpXVCJ9.eyJ0eXAiOiJFeHQiLCJkYXRhIjp7IldlYnNpdGVLZXkiOiJyc2MiLCJPcmdhbmlzYXRpb25JZCI6IjIyMTY0IiwiT3JnYW5pc2F0aW9uTmFtZSI6IlZpcmdpbmlhIFRlY2giLCJBY2Nlc3NUeXBlIjoiRnVsbCIsIldlYnNpdGVJZCI6IjE1MyJ9LCJleHAiOjE3NDE1NjAxMjIsIm9pZCI6MjIxNjR9.cBG7mMltxoxV_-3_gAVYzRzRONnJuZlUSz0DCoQrfVA,<a href='https://www-royalshakespearecompanyarchives-amdigital-co-uk.ezproxy.lib.vt.edu/?sessionId=&sessionENC=Cj3r4Uwpg7uR0BOyrZETb%2fw1uITCp31x%2fY4riJxBsmxsfn2vCCPJlnPuS7pPxc%2fIw3NY9yHwzOLrWJWR7JAsiSl8mlXP3lc5EPlWLIANpDw%3d&returnURL=https%3a%2f%2fwww.royalshakespearecompanyarchives.amdigital.co.uk%2f&JWTtoken=eyJhbGciOiJIUzI1NiIsInR5cCI6IkpXVCJ9.eyJ0eXAiOiJFeHQiLCJkYXRhIjp7IldlYnNpdGVLZXkiOiJyc2MiLCJPcmdhbmlzYXRpb25JZCI6IjIyMTY0IiwiT3JnYW5pc2F0aW9uTmFtZSI6IlZpcmdpbmlhIFRlY2giLCJBY2Nlc3NUeXBlIjoiRnVsbCIsIldlYnNpdGVJZCI6IjE1MyJ9LCJleHAiOjE3NDE1NjAxMjIsIm9pZCI6MjIxNjR9.cBG7mMltxoxV_-3_gAVYzRzRONnJuZlUSz0DCoQrfVA' target = '_blank'>Royal Shakespere Company Archives 1889-2013</a>
Service Newspapers of World War Two,https://guides.lib.vt.edu/service-newspapers-ww2,<a href='https://guides.lib.vt.edu/service-newspapers-ww2' target = '_blank'>Service Newspapers of World War Two</a>
"Sex & Sexuality, late 19th cent-c. 2020",http://www.sexandsexuality.amdigital.co.uk/,"<a href='http://www.sexandsexuality.amdigital.co.uk/' target = '_blank'>Sex & Sexuality, late 19th cent-c. 2020</a>"
"Shakespeare in Performance: The Folger Shakespeare Library Prompt Books, 1670S-1970s",https://www-shakespeareinperformance-amdigital-co-uk.ezproxy.lib.vt.edu/?sessionId=&sessionENC=CXHykuwOLzlpCg22Lqk13cy%2bVcAs211JDpxiSFKEzbxpk6ol%2bGOui4T17mxcawsP2A1sQ787b8Qc4LUHdS4x5Y8W7m1e2jL6C8lkKiRpA0M%3d&returnURL=https%3a%2f%2fwww.shakespeareinperformance.amdigital.co.uk%2f&JWTtoken=eyJhbGciOiJIUzI1NiIsInR5cCI6IkpXVCJ9.eyJ0eXAiOiJFeHQiLCJkYXRhIjp7IldlYnNpdGVLZXkiOiJzaGFrZXNwZWFyZWlucGVyZm9ybWFuY2UiLCJPcmdhbmlzYXRpb25JZCI6IjIyMTY0IiwiT3JnYW5pc2F0aW9uTmFtZSI6IlZpcmdpbmlhIFRlY2giLCJBY2Nlc3NUeXBlIjoiRnVsbCIsIldlYnNpdGVJZCI6Ijc2In0sImV4cCI6MTc3MDI2MjU2MSwib2lkIjoyMjE2NH0.DHZZ7maUKXYcG5yeFTH2LV9rxQemQggbEPV9aQ1LsXM,"<a href='https://www-shakespeareinperformance-amdigital-co-uk.ezproxy.lib.vt.edu/?sessionId=&sessionENC=CXHykuwOLzlpCg22Lqk13cy%2bVcAs211JDpxiSFKEzbxpk6ol%2bGOui4T17mxcawsP2A1sQ787b8Qc4LUHdS4x5Y8W7m1e2jL6C8lkKiRpA0M%3d&returnURL=https%3a%2f%2fwww.shakespeareinperformance.amdigital.co.uk%2f&JWTtoken=eyJhbGciOiJIUzI1NiIsInR5cCI6IkpXVCJ9.eyJ0eXAiOiJFeHQiLCJkYXRhIjp7IldlYnNpdGVLZXkiOiJzaGFrZXNwZWFyZWlucGVyZm9ybWFuY2UiLCJPcmdhbmlzYXRpb25JZCI6IjIyMTY0IiwiT3JnYW5pc2F0aW9uTmFtZSI6IlZpcmdpbmlhIFRlY2giLCJBY2Nlc3NUeXBlIjoiRnVsbCIsIldlYnNpdGVJZCI6Ijc2In0sImV4cCI6MTc3MDI2MjU2MSwib2lkIjoyMjE2NH0.DHZZ7maUKXYcG5yeFTH2LV9rxQemQggbEPV9aQ1LsXM' target = '_blank'>Shakespeare in Performance: The Folger Shakespeare Library Prompt Books, 1670S-1970s</a>"
"Shakespeare's Globe Archive: Theaters, Players & Performances, 1997-2016",https://guides.lib.vt.edu/shakespeares-globe-archive,"<a href='https://guides.lib.vt.edu/shakespeares-globe-archive' target = '_blank'>Shakespeare's Globe Archive: Theaters, Players & Performances, 1997-2016</a>"
"Slavery, Abolition and Social Justice, 1490-2007",http://www.slavery.amdigital.co.uk.ezproxy.lib.vt.edu/,"<a href='http://www.slavery.amdigital.co.uk.ezproxy.lib.vt.edu/' target = '_blank'>Slavery, Abolition and Social Justice, 1490-2007</a>"
"Socialism on Film, early 20th-1980",https://guides.lib.vt.edu/socialism-on-film,"<a href='https://guides.lib.vt.edu/socialism-on-film' target = '_blank'>Socialism on Film, early 20th-1980</a>"
The Grand Tour 1550-1850,http://www.grandtour.amdigital.co.uk.ezproxy.lib.vt.edu/,<a href='http://www.grandtour.amdigital.co.uk.ezproxy.lib.vt.edu/' target = '_blank'>The Grand Tour 1550-1850</a>
"Trade Catalogues and the American Home, 1850-1950 ",https://guides.lib.vt.edu/trade-catalogues-american-home,"<a href='https://guides.lib.vt.edu/trade-catalogues-american-home' target = '_blank'>Trade Catalogues and the American Home, 1850-1950 </a>"
"Travel Writing, Spectacle and World History, 1835-1976",http://www.travelwriting.amdigital.co.uk.ezproxy.lib.vt.edu/Default.aspx,"<a href='http://www.travelwriting.amdigital.co.uk.ezproxy.lib.vt.edu/Default.aspx' target = '_blank'>Travel Writing, Spectacle and World History, 1835-1976</a>"
"Victorian Popular Culture, c 1779-1930.",https://www-victorianpopularculture-amdigital-co-uk.ezproxy.lib.vt.edu/,"<a href='https://www-victorianpopularculture-amdigital-co-uk.ezproxy.lib.vt.edu/' target = '_blank'>Victorian Popular Culture, c 1779-1930.</a>"
"Virginia Company Archives, 1590-1790 ",https://guides.lib.vt.edu/virginia-company-archives,"<a href='https://guides.lib.vt.edu/virginia-company-archives' target = '_blank'>Virginia Company Archives, 1590-1790 </a>"
"Women in the [UK] National Archives, 1903-1962",https://www-archivesdirect-amdigital-co-uk.ezproxy.lib.vt.edu/WTNA,"<a href='https://www-archivesdirect-amdigital-co-uk.ezproxy.lib.vt.edu/WTNA' target = '_blank'>Women in the [UK] National Archives, 1903-1962</a>"
Women's Voices and Life Writing 1600-1968,https://www-womensvoicesandlifewriting-amdigital-co-uk.ezproxy.lib.vt.edu/,<a href='https://www-womensvoicesandlifewriting-amdigital-co-uk.ezproxy.lib.vt.edu/' target = '_blank'>Women's Voices and Life Writing 1600-1968</a>
"World's Fairs: A Global History of Expositions, 1851-2015",https://guides.lib.vt.edu/worlds-fairs,"<a href='https://guides.lib.vt.edu/worlds-fairs' target = '_blank'>World's Fairs: A Global History of Expositions, 1851-2015</a>"
Ancestry Library Edition,https://guides.lib.vt.edu/ancestry-library-edition,<a href='https://guides.lib.vt.edu/ancestry-library-edition' target = '_blank'>Ancestry Library Edition</a>
Newspapers.com World Edition 1690-2025,https://guides.lib.vt.edu/newspapers,<a href='https://guides.lib.vt.edu/newspapers' target = '_blank'>Newspapers.com World Edition 1690-2025</a>
"Historical Statistics of the US, Millennial Edition 1949-21st cent.",https://guides.lib.vt.edu/historical-statistics-of-the-us,"<a href='https://guides.lib.vt.edu/historical-statistics-of-the-us' target = '_blank'>Historical Statistics of the US, Millennial Edition 1949-21st cent.</a>"
Canadiana [open access] 1500-2000,http://www.canadiana.ca/,<a href='http://www.canadiana.ca/' target = '_blank'>Canadiana [open access] 1500-2000</a>
East African Newspapers 1943-2017,https://gpa.eastview.com/crl/ean/,<a href='https://gpa.eastview.com/crl/ean/' target = '_blank'>East African Newspapers 1943-2017</a>
"Imperial Russian Newspapers, 1782-1917",https://gpa.eastview.com/crl/irn/,"<a href='https://gpa.eastview.com/crl/irn/' target = '_blank'>Imperial Russian Newspapers, 1782-1917</a>"
"Independent and Revolutionary Mexican Newspapers, 1807-1899",https://gpa.eastview.com/crl/irmn,"<a href='https://gpa.eastview.com/crl/irmn' target = '_blank'>Independent and Revolutionary Mexican Newspapers, 1807-1899</a>"
"Late Qing and Republican-Era Chinese Newspapers, 1911-1949",https://gpa.eastview.com/crl/lqrcn/,"<a href='https://gpa.eastview.com/crl/lqrcn/' target = '_blank'>Late Qing and Republican-Era Chinese Newspapers, 1911-1949</a>"
Local and Independent Ukrainian Newspapers  1989-2001,https://gpa-eastview-com.ezproxy.lib.vt.edu/crl/liun/,<a href='https://gpa-eastview-com.ezproxy.lib.vt.edu/crl/liun/' target = '_blank'>Local and Independent Ukrainian Newspapers  1989-2001</a>
LLMC,https://discover-llmc-com.ezproxy.lib.vt.edu/,<a href='https://discover-llmc-com.ezproxy.lib.vt.edu/' target = '_blank'>LLMC</a>
South Asian Newspapers,https://www.eastview.com/resources/gpa/crl-san/,<a href='https://www.eastview.com/resources/gpa/crl-san/' target = '_blank'>South Asian Newspapers</a>
"Middle Eastern and North African Newspapers, 1870-2019",https://gpa.eastview.com/crl/mena/,"<a href='https://gpa.eastview.com/crl/mena/' target = '_blank'>Middle Eastern and North African Newspapers, 1870-2019</a>"
Daily Observer Digital Archive 1981-2016,https://gpa-eastview-com.ezproxy.lib.vt.edu/crl/doda/,<a href='https://gpa-eastview-com.ezproxy.lib.vt.edu/crl/doda/' target = '_blank'>Daily Observer Digital Archive 1981-2016</a>
El Caribe Digital Archive 1956-2021,https://gpa-eastview-com.ezproxy.lib.vt.edu/crl/elcaribe/,<a href='https://gpa-eastview-com.ezproxy.lib.vt.edu/crl/elcaribe/' target = '_blank'>El Caribe Digital Archive 1956-2021</a>
El Mundo Digital Archive 1919-1990,https://gpa-eastview-com.ezproxy.lib.vt.edu/crl/elmundo/,<a href='https://gpa-eastview-com.ezproxy.lib.vt.edu/crl/elmundo/' target = '_blank'>El Mundo Digital Archive 1919-1990</a>
South Asia Open Archives (SAOA),https://guides.lib.vt.edu/saoa,<a href='https://guides.lib.vt.edu/saoa' target = '_blank'>South Asia Open Archives (SAOA)</a>
Soviet-Era Ukrainian Newspapers 1899-1939,https://gpa-eastview-com.ezproxy.lib.vt.edu/crl/seun/,<a href='https://gpa-eastview-com.ezproxy.lib.vt.edu/crl/seun/' target = '_blank'>Soviet-Era Ukrainian Newspapers 1899-1939</a>
Africa Commons,https://guides.lib.vt.edu/african-commons,<a href='https://guides.lib.vt.edu/african-commons' target = '_blank'>Africa Commons</a>
South Asia Commons 17th-21st cent,https://guides.lib.vt.edu/south-asian-commons,<a href='https://guides.lib.vt.edu/south-asian-commons' target = '_blank'>South Asia Commons 17th-21st cent</a>
Making of America (19th Century in Print) - Cornell,http://ebooks.library.cornell.edu/cgi/t/text/text-idx?xc=1&page=simple&g=moagrp,<a href='http://ebooks.library.cornell.edu/cgi/t/text/text-idx?xc=1&page=simple&g=moagrp' target = '_blank'>Making of America (19th Century in Print) - Cornell</a>
C-SPAN Video Library [open access] 1979-2025,https://www.c-span.org/quick-guide/,<a href='https://www.c-span.org/quick-guide/' target = '_blank'>C-SPAN Video Library [open access] 1979-2025</a>
Digital Virginias  [open access] 16th-21st cent,https://www.digitalvirginias.org/,<a href='https://www.digitalvirginias.org/' target = '_blank'>Digital Virginias  [open access] 16th-21st cent</a>
Current Digest of the Russian Press (1949- ) in English,https://dlib-eastview-com.ezproxy.lib.vt.edu/browse/udb/350,<a href='https://dlib-eastview-com.ezproxy.lib.vt.edu/browse/udb/350' target = '_blank'>Current Digest of the Russian Press (1949- ) in English</a>
Izvestiia Digital Archive (1917- ) in Russian,https://gpa-eastview-com.ezproxy.lib.vt.edu/izv/,<a href='https://gpa-eastview-com.ezproxy.lib.vt.edu/izv/' target = '_blank'>Izvestiia Digital Archive (1917- ) in Russian</a>
Post-Perestroika Newspapers Digital Archive 1984-2022,https://gpa-eastview-com.ezproxy.lib.vt.edu/crl/ppn/,<a href='https://gpa-eastview-com.ezproxy.lib.vt.edu/crl/ppn/' target = '_blank'>Post-Perestroika Newspapers Digital Archive 1984-2022</a>
Pravda Digital Archive (1912- ) in Russian,https://gpa-eastview-com.ezproxy.lib.vt.edu/pra/,<a href='https://gpa-eastview-com.ezproxy.lib.vt.edu/pra/' target = '_blank'>Pravda Digital Archive (1912- ) in Russian</a>
Rossiiskaia istoriia  (2000- ) in Russian,https://dlib-eastview-com.ezproxy.lib.vt.edu/browse/udb/12,<a href='https://dlib-eastview-com.ezproxy.lib.vt.edu/browse/udb/12' target = '_blank'>Rossiiskaia istoriia  (2000- ) in Russian</a>
Voprosy istorii (1945-2019) in Russian,https://dlib-eastview-com.ezproxy.lib.vt.edu/browse/udb/12,<a href='https://dlib-eastview-com.ezproxy.lib.vt.edu/browse/udb/12' target = '_blank'>Voprosy istorii (1945-2019) in Russian</a>
Forbes (Magazine Archive) 1917-2000,https://research-ebsco-com.ezproxy.lib.vt.edu/c/w5gwtr/search/advanced/publications/FRB?defaultdb=ada%2Cfba%2Clma%2Cnch&isDashboardExpanded=true&selectedDb=fbajnh&selectedAlphabet=F,<a href='https://research-ebsco-com.ezproxy.lib.vt.edu/c/w5gwtr/search/advanced/publications/FRB?defaultdb=ada%2Cfba%2Clma%2Cnch&isDashboardExpanded=true&selectedDb=fbajnh&selectedAlphabet=F' target = '_blank'>Forbes (Magazine Archive) 1917-2000</a>
National Review  (Magazine Archive) 1955-2020,https://research-ebsco-com.ezproxy.lib.vt.edu/c/w5gwtr/search/advanced/publications/NRV?defaultdb=ada%2Cfba%2Clma%2Cnch&isDashboardExpanded=true&selectedDb=nchjnh&selectedAlphabet=N,<a href='https://research-ebsco-com.ezproxy.lib.vt.edu/c/w5gwtr/search/advanced/publications/NRV?defaultdb=ada%2Cfba%2Clma%2Cnch&isDashboardExpanded=true&selectedDb=nchjnh&selectedAlphabet=N' target = '_blank'>National Review  (Magazine Archive) 1955-2020</a>
Life  (Magazine Archive) 1883-2020,https://research-ebsco-com.ezproxy.lib.vt.edu/c/w5gwtr/search/advanced/publications/NRV?defaultdb=ada%2Cfba%2Clma%2Cnch&isDashboardExpanded=true&selectedDb=lmajnh&selectedAlphabet=N,<a href='https://research-ebsco-com.ezproxy.lib.vt.edu/c/w5gwtr/search/advanced/publications/NRV?defaultdb=ada%2Cfba%2Clma%2Cnch&isDashboardExpanded=true&selectedDb=lmajnh&selectedAlphabet=N' target = '_blank'>Life  (Magazine Archive) 1883-2020</a>
Archetectural Digest  (Magazine Archive) 1922-2011,https://research-ebsco-com.ezproxy.lib.vt.edu/c/w5gwtr/search/advanced/publications/HBX6?defaultdb=ada%2Cfba%2Clma%2Cnch&isDashboardExpanded=true&selectedDb=adajnh,<a href='https://research-ebsco-com.ezproxy.lib.vt.edu/c/w5gwtr/search/advanced/publications/HBX6?defaultdb=ada%2Cfba%2Clma%2Cnch&isDashboardExpanded=true&selectedDb=adajnh' target = '_blank'>Archetectural Digest  (Magazine Archive) 1922-2011</a>
Europeana portal [open access] 1680-1989,https://www.europeana.eu/en,<a href='https://www.europeana.eu/en' target = '_blank'>Europeana portal [open access] 1680-1989</a>
Europeana: Newspapers [open access] 1680-1989,https://www.europeana.eu/en/themes/newspapers,<a href='https://www.europeana.eu/en/themes/newspapers' target = '_blank'>Europeana: Newspapers [open access] 1680-1989</a>
[London] Sunday Times Historical Archive 1822-2016,https://go-gale-com.ezproxy.lib.vt.edu/ps/dispBasicSearch.do?userGroupName=viva_vpi&prodId=STHA,<a href='https://go-gale-com.ezproxy.lib.vt.edu/ps/dispBasicSearch.do?userGroupName=viva_vpi&prodId=STHA' target = '_blank'>[London] Sunday Times Historical Archive 1822-2016</a>
[London] Times Digital Archive 1822-2016,https://go-gale-com.ezproxy.lib.vt.edu/ps/dispBasicSearch.do?userGroupName=viva_vpi&prodId=STHA,<a href='https://go-gale-com.ezproxy.lib.vt.edu/ps/dispBasicSearch.do?userGroupName=viva_vpi&prodId=STHA' target = '_blank'>[London] Times Digital Archive 1822-2016</a>
[London] Times Literary Supplement Historical Archive 1902-2014,https://go-gale-com.ezproxy.lib.vt.edu/ps/dispBasicSearch.do?userGroupName=viva_vpi&prodId=TLSH,<a href='https://go-gale-com.ezproxy.lib.vt.edu/ps/dispBasicSearch.do?userGroupName=viva_vpi&prodId=TLSH' target = '_blank'>[London] Times Literary Supplement Historical Archive 1902-2014</a>
"American Fiction, 1774-1920",https://go-gale-com.ezproxy.lib.vt.edu/ps/dispBasicSearch.do?userGroupName=viva_vpi&prodId=AMFN,"<a href='https://go-gale-com.ezproxy.lib.vt.edu/ps/dispBasicSearch.do?userGroupName=viva_vpi&prodId=AMFN' target = '_blank'>American Fiction, 1774-1920</a>"
American Historical Periodicals from the American Antiquarian Society 1681-1926,https://go-gale-com.ezproxy.lib.vt.edu/ps/dispBasicSearch.do?userGroupName=viva_vpi&prodId=AAHP,<a href='https://go-gale-com.ezproxy.lib.vt.edu/ps/dispBasicSearch.do?userGroupName=viva_vpi&prodId=AAHP' target = '_blank'>American Historical Periodicals from the American Antiquarian Society 1681-1926</a>
Archives of Sexuality and Gender 1700-2021,https://go-gale-com.ezproxy.lib.vt.edu/ps/dispBasicSearch.do?userGroupName=viva_vpi&prodId=AHSI,<a href='https://go-gale-com.ezproxy.lib.vt.edu/ps/dispBasicSearch.do?userGroupName=viva_vpi&prodId=AHSI' target = '_blank'>Archives of Sexuality and Gender 1700-2021</a>
Associated Press Collections Online 1840-2013,https://go-gale-com.ezproxy.lib.vt.edu/ps/dispBasicSearch.do?userGroupName=viva_vpi&prodId=APOA,<a href='https://go-gale-com.ezproxy.lib.vt.edu/ps/dispBasicSearch.do?userGroupName=viva_vpi&prodId=APOA' target = '_blank'>Associated Press Collections Online 1840-2013</a>
Brazilian and Portuguese History and Culture 1500-1930,https://go-gale-com.ezproxy.lib.vt.edu/ps/dispBasicSearch.do?userGroupName=viva_vpi&prodId=BPHC,<a href='https://go-gale-com.ezproxy.lib.vt.edu/ps/dispBasicSearch.do?userGroupName=viva_vpi&prodId=BPHC' target = '_blank'>Brazilian and Portuguese History and Culture 1500-1930</a>
British Library Newspapers 18th-20th cent.,https://go-gale-com.ezproxy.lib.vt.edu/ps/dispBasicSearch.do?userGroupName=viva_vpi&prodId=BNCN,<a href='https://go-gale-com.ezproxy.lib.vt.edu/ps/dispBasicSearch.do?userGroupName=viva_vpi&prodId=BNCN' target = '_blank'>British Library Newspapers 18th-20th cent.</a>
"City and Business Directories: Virginia, 1801-1929  [Archives Unbound]",https://go-gale-com.ezproxy.lib.vt.edu/ps/aboutThisCollection?userGroupName=viva_vpi&inPS=true&mCode=6CTS&prodId=GDSC,"<a href='https://go-gale-com.ezproxy.lib.vt.edu/ps/aboutThisCollection?userGroupName=viva_vpi&inPS=true&mCode=6CTS&prodId=GDSC' target = '_blank'>City and Business Directories: Virginia, 1801-1929  [Archives Unbound]</a>"
"City and Business Directories: West Virginia, 1839-1929  [Archives Unbound]",https://go-gale-com.ezproxy.lib.vt.edu/ps/aboutThisCollection?userGroupName=viva_vpi&inPS=true&mCode=6CTR&prodId=GDSC,"<a href='https://go-gale-com.ezproxy.lib.vt.edu/ps/aboutThisCollection?userGroupName=viva_vpi&inPS=true&mCode=6CTR&prodId=GDSC' target = '_blank'>City and Business Directories: West Virginia, 1839-1929  [Archives Unbound]</a>"
Eighteenth Century Collections Online,https://go-gale-com.ezproxy.lib.vt.edu/ps/dispBasicSearch.do?userGroupName=viva_vpi&prodId=ECCO,<a href='https://go-gale-com.ezproxy.lib.vt.edu/ps/dispBasicSearch.do?userGroupName=viva_vpi&prodId=ECCO' target = '_blank'>Eighteenth Century Collections Online</a>
Environmental History 1870-1993,https://go-gale-com.ezproxy.lib.vt.edu/ps/dispBasicSearch.do?userGroupName=viva_vpi&prodId=ENVH,<a href='https://go-gale-com.ezproxy.lib.vt.edu/ps/dispBasicSearch.do?userGroupName=viva_vpi&prodId=ENVH' target = '_blank'>Environmental History 1870-1993</a>
"Europe and Africa: Commerce, Christianity, Civilization, and Conquest 18th-20th cent.",https://go-gale-com.ezproxy.lib.vt.edu/ps/aboutThisArchive?userGroupName=viva_vpi&inPS=true&mCode=5YIX&prodId=NCCO&aty=ip,"<a href='https://go-gale-com.ezproxy.lib.vt.edu/ps/aboutThisArchive?userGroupName=viva_vpi&inPS=true&mCode=5YIX&prodId=NCCO&aty=ip' target = '_blank'>Europe and Africa: Commerce, Christianity, Civilization, and Conquest 18th-20th cent.</a>"
Financial Times Historical Archive 1888-2021,https://go-gale-com.ezproxy.lib.vt.edu/ps/dispBasicSearch.do?userGroupName=viva_vpi&prodId=FTHA,<a href='https://go-gale-com.ezproxy.lib.vt.edu/ps/dispBasicSearch.do?userGroupName=viva_vpi&prodId=FTHA' target = '_blank'>Financial Times Historical Archive 1888-2021</a>
History of Disabilities 1648-2000,https://go-gale-com.ezproxy.lib.vt.edu/ps/dispBasicSearch.do?userGroupName=viva_vpi&prodId=HODI,<a href='https://go-gale-com.ezproxy.lib.vt.edu/ps/dispBasicSearch.do?userGroupName=viva_vpi&prodId=HODI' target = '_blank'>History of Disabilities 1648-2000</a>
"Illustrated London News Historical Archive, 1842-2003","https://go-gale-com.ezproxy.lib.vt.edu/ps/basicSearch.do?inputFieldValue%280%29=illustrated%20london%20news%20historical%20archives%201842%202003&inputFieldName%280%29=OQE&searchType=BasicSearchForm&userGroupName=viva_vpi&prodId=GDCS&method=doSearch&suggestionFor=Illustrated%20London%20News%20Historical%20Archive,%201842-2003","<a href='https://go-gale-com.ezproxy.lib.vt.edu/ps/basicSearch.do?inputFieldValue%280%29=illustrated%20london%20news%20historical%20archives%201842%202003&inputFieldName%280%29=OQE&searchType=BasicSearchForm&userGroupName=viva_vpi&prodId=GDCS&method=doSearch&suggestionFor=Illustrated%20London%20News%20Historical%20Archive,%201842-2003' target = '_blank'>Illustrated London News Historical Archive, 1842-2003</a>"
Indigenous Peoples of North America 1665-1988,https://go-gale-com.ezproxy.lib.vt.edu/ps/dispBasicSearch.do?userGroupName=viva_vpi&prodId=INDP,<a href='https://go-gale-com.ezproxy.lib.vt.edu/ps/dispBasicSearch.do?userGroupName=viva_vpi&prodId=INDP' target = '_blank'>Indigenous Peoples of North America 1665-1988</a>
Making of the Modern World 1468-1993,https://go-gale-com.ezproxy.lib.vt.edu/ps/dispBasicSearch.do?userGroupName=viva_vpi&prodId=MOME,<a href='https://go-gale-com.ezproxy.lib.vt.edu/ps/dispBasicSearch.do?userGroupName=viva_vpi&prodId=MOME' target = '_blank'>Making of the Modern World 1468-1993</a>
Mountain People: Life and Culture in Appalachia [in Archives Unbound] 1700-1950,https://guides.lib.vt.edu/mountain-people-life-and-culture-in-appalachia,<a href='https://guides.lib.vt.edu/mountain-people-life-and-culture-in-appalachia' target = '_blank'>Mountain People: Life and Culture in Appalachia [in Archives Unbound] 1700-1950</a>
Nineteenth Century Collections Online 1479-2003,https://go-gale-com.ezproxy.lib.vt.edu/ps/dispBasicSearch.do?userGroupName=viva_vpi&prodId=NCCO1479-2003,<a href='https://go-gale-com.ezproxy.lib.vt.edu/ps/dispBasicSearch.do?userGroupName=viva_vpi&prodId=NCCO1479-2003' target = '_blank'>Nineteenth Century Collections Online 1479-2003</a>
Nineteenth Century U.S. Newspapers 1800-1899,https://go-gale-com.ezproxy.lib.vt.edu/ps/dispBasicSearch.do?userGroupName=viva_vpi&prodId=NCNP,<a href='https://go-gale-com.ezproxy.lib.vt.edu/ps/dispBasicSearch.do?userGroupName=viva_vpi&prodId=NCNP' target = '_blank'>Nineteenth Century U.S. Newspapers 1800-1899</a>
Political Extremism and Radicalism 1776-2017,https://go-gale-com.ezproxy.lib.vt.edu/ps/dispBasicSearch.do?userGroupName=viva_vpi&prodId=PLEX,<a href='https://go-gale-com.ezproxy.lib.vt.edu/ps/dispBasicSearch.do?userGroupName=viva_vpi&prodId=PLEX' target = '_blank'>Political Extremism and Radicalism 1776-2017</a>
"Public Health Archives: Public Health in Modern America, 1890-1970",https://www.gale.com/c/public-health-in-modern-america-1890-1970,"<a href='https://www.gale.com/c/public-health-in-modern-america-1890-1970' target = '_blank'>Public Health Archives: Public Health in Modern America, 1890-1970</a>"
"Sabin Americana: History of the Americas, 1500-1926",https://go-gale-com.ezproxy.lib.vt.edu/ps/dispBasicSearch.do?userGroupName=viva_vpi&prodId=SABN,"<a href='https://go-gale-com.ezproxy.lib.vt.edu/ps/dispBasicSearch.do?userGroupName=viva_vpi&prodId=SABN' target = '_blank'>Sabin Americana: History of the Americas, 1500-1926</a>"
Seventeenth and Eighteenth Century Burney Newspapers Collection 1604-1804,https://go-gale-com.ezproxy.lib.vt.edu/ps/dispBasicSearch.do?userGroupName=viva_vpi&prodId=BBCN,<a href='https://go-gale-com.ezproxy.lib.vt.edu/ps/dispBasicSearch.do?userGroupName=viva_vpi&prodId=BBCN' target = '_blank'>Seventeenth and Eighteenth Century Burney Newspapers Collection 1604-1804</a>
Seventeenth and Eighteenth Century Nichols Newspapers Collection 1672-1738,https://go-gale-com.ezproxy.lib.vt.edu/ps/dispBasicSearch.do?userGroupName=viva_vpi&prodId=NICN,<a href='https://go-gale-com.ezproxy.lib.vt.edu/ps/dispBasicSearch.do?userGroupName=viva_vpi&prodId=NICN' target = '_blank'>Seventeenth and Eighteenth Century Nichols Newspapers Collection 1672-1738</a>
Smithsonian Collections Online 1742-2010,https://link-gale-com.ezproxy.lib.vt.edu/apps/SMIT,<a href='https://link-gale-com.ezproxy.lib.vt.edu/apps/SMIT' target = '_blank'>Smithsonian Collections Online 1742-2010</a>
The Economist Historical Archive 1843-2020,https://go-gale-com.ezproxy.lib.vt.edu/ps/dispBasicSearch.do?userGroupName=viva_vpi&prodId=ECON,<a href='https://go-gale-com.ezproxy.lib.vt.edu/ps/dispBasicSearch.do?userGroupName=viva_vpi&prodId=ECON' target = '_blank'>The Economist Historical Archive 1843-2020</a>
Loeb Classical Library 800 B.C.E.-1000 C.E.,https://www-loebclassics-com.ezproxy.lib.vt.edu/,<a href='https://www-loebclassics-com.ezproxy.lib.vt.edu/' target = '_blank'>Loeb Classical Library 800 B.C.E.-1000 C.E.</a>
Air and Space Law 1822-2016,https://heinonline-org.ezproxy.lib.vt.edu/HOL/Index?collection=space&set_as_cursor=clear,<a href='https://heinonline-org.ezproxy.lib.vt.edu/HOL/Index?collection=space&set_as_cursor=clear' target = '_blank'>Air and Space Law 1822-2016</a>
Canada Supreme Court Reports 1888-1969,https://heinonline-org.ezproxy.lib.vt.edu/HOL/Index?collection=cscreports&set_as_cursor=clear,<a href='https://heinonline-org.ezproxy.lib.vt.edu/HOL/Index?collection=cscreports&set_as_cursor=clear' target = '_blank'>Canada Supreme Court Reports 1888-1969</a>
Civil Rights and Social Justice 1606-2025,https://heinonline-org.ezproxy.lib.vt.edu/HOL/Index?collection=civil&set_as_cursor=clear,<a href='https://heinonline-org.ezproxy.lib.vt.edu/HOL/Index?collection=civil&set_as_cursor=clear' target = '_blank'>Civil Rights and Social Justice 1606-2025</a>
COVID-19: Pandemics Past and Present 1800-2021,https://heinonline-org.ezproxy.lib.vt.edu/HOL/Index?collection=covidcol&set_as_cursor=clear,<a href='https://heinonline-org.ezproxy.lib.vt.edu/HOL/Index?collection=covidcol&set_as_cursor=clear' target = '_blank'>COVID-19: Pandemics Past and Present 1800-2021</a>
Early American Case Law 1671-1926,https://heinonline-org.ezproxy.lib.vt.edu/HOL/Index?collection=cases&set_as_cursor=clear,<a href='https://heinonline-org.ezproxy.lib.vt.edu/HOL/Index?collection=cases&set_as_cursor=clear' target = '_blank'>Early American Case Law 1671-1926</a>
English Reports 1207-1916,https://heinonline-org.ezproxy.lib.vt.edu/HOL/Index?collection=engrep&set_as_cursor=clear,<a href='https://heinonline-org.ezproxy.lib.vt.edu/HOL/Index?collection=engrep&set_as_cursor=clear' target = '_blank'>English Reports 1207-1916</a>
Gun Regulation and Legislation in America 1750-2025,https://heinonline-org.ezproxy.lib.vt.edu/HOL/Index?collection=gun&set_as_cursor=clear,<a href='https://heinonline-org.ezproxy.lib.vt.edu/HOL/Index?collection=gun&set_as_cursor=clear' target = '_blank'>Gun Regulation and Legislation in America 1750-2025</a>
HeinOnline Legal Special Collections +,https://heinonline-org.ezproxy.lib.vt.edu/HOL/Welcome,<a href='https://heinonline-org.ezproxy.lib.vt.edu/HOL/Welcome' target = '_blank'>HeinOnline Legal Special Collections +</a>
History of Supreme Court Nominations 1791-2025,https://heinonline-org.ezproxy.lib.vt.edu/HOL/Index?collection=supcourt&set_as_cursor=clear,<a href='https://heinonline-org.ezproxy.lib.vt.edu/HOL/Index?collection=supcourt&set_as_cursor=clear' target = '_blank'>History of Supreme Court Nominations 1791-2025</a>
John F. Kennedy Assassination Collection 20th cent.,https://heinonline-org.ezproxy.lib.vt.edu/HOL/Index?collection=jfk&set_as_cursor=clear,<a href='https://heinonline-org.ezproxy.lib.vt.edu/HOL/Index?collection=jfk&set_as_cursor=clear' target = '_blank'>John F. Kennedy Assassination Collection 20th cent.</a>
Judges and the Judiciary: Exploring America's Court System (Formerly known as Congress and the Courts) 1658-2025,https://heinonline-org.ezproxy.lib.vt.edu/HOL/Index?collection=congcourts&set_as_cursor=clear,<a href='https://heinonline-org.ezproxy.lib.vt.edu/HOL/Index?collection=congcourts&set_as_cursor=clear' target = '_blank'>Judges and the Judiciary: Exploring America's Court System (Formerly known as Congress and the Courts) 1658-2025</a>
Labor and Employment: The American Worker 1798-2025,https://heinonline-org.ezproxy.lib.vt.edu/HOL/Index?collection=laborlaw&set_as_cursor=clear,<a href='https://heinonline-org.ezproxy.lib.vt.edu/HOL/Index?collection=laborlaw&set_as_cursor=clear' target = '_blank'>Labor and Employment: The American Worker 1798-2025</a>
Legal Classics 1506-2025,https://heinonline-org.ezproxy.lib.vt.edu/HOL/Index?collection=beal&set_as_cursor=clear,<a href='https://heinonline-org.ezproxy.lib.vt.edu/HOL/Index?collection=beal&set_as_cursor=clear' target = '_blank'>Legal Classics 1506-2025</a>
Military and Government 1642-2025,https://heinonline-org.ezproxy.lib.vt.edu/HOL/Index?collection=milandgov&set_as_cursor=clear,<a href='https://heinonline-org.ezproxy.lib.vt.edu/HOL/Index?collection=milandgov&set_as_cursor=clear' target = '_blank'>Military and Government 1642-2025</a>
Pentagon Papers 1940-1968,https://heinonline-org.ezproxy.lib.vt.edu/HOL/Index?collection=pentagon&set_as_cursor=clear,<a href='https://heinonline-org.ezproxy.lib.vt.edu/HOL/Index?collection=pentagon&set_as_cursor=clear' target = '_blank'>Pentagon Papers 1940-1968</a>
Reports of US Presidential Commissions and Other Advisory Bodies 1775-2025,https://heinonline-org.ezproxy.lib.vt.edu/HOL/Index?collection=prescomm&set_as_cursor=clear,<a href='https://heinonline-org.ezproxy.lib.vt.edu/HOL/Index?collection=prescomm&set_as_cursor=clear' target = '_blank'>Reports of US Presidential Commissions and Other Advisory Bodies 1775-2025</a>
Session Laws Library 1636-2025,https://heinonline-org.ezproxy.lib.vt.edu/HOL/Index?collection=ssl&set_as_cursor=clear,<a href='https://heinonline-org.ezproxy.lib.vt.edu/HOL/Index?collection=ssl&set_as_cursor=clear' target = '_blank'>Session Laws Library 1636-2025</a>
"Slavery in America and the World: History, Culture & Law 1656-2025",https://heinonline-org.ezproxy.lib.vt.edu/HOL/Index?collection=slavery&set_as_cursor=clear,"<a href='https://heinonline-org.ezproxy.lib.vt.edu/HOL/Index?collection=slavery&set_as_cursor=clear' target = '_blank'>Slavery in America and the World: History, Culture & Law 1656-2025</a>"
State Statutes: A Historical Archive 1612-2002,https://heinonline-org.ezproxy.lib.vt.edu/HOL/Index?collection=sstatutes&set_as_cursor=clear,<a href='https://heinonline-org.ezproxy.lib.vt.edu/HOL/Index?collection=sstatutes&set_as_cursor=clear' target = '_blank'>State Statutes: A Historical Archive 1612-2002</a>
Statutes of the Realm 1377-1713,https://heinonline-org.ezproxy.lib.vt.edu/HOL/Index?collection=statore&set_as_cursor=clear,<a href='https://heinonline-org.ezproxy.lib.vt.edu/HOL/Index?collection=statore&set_as_cursor=clear' target = '_blank'>Statutes of the Realm 1377-1713</a>
US Congressional Documents 1789-2025,https://heinonline-org.ezproxy.lib.vt.edu/HOL/Index?collection=congrec&set_as_cursor=clear,<a href='https://heinonline-org.ezproxy.lib.vt.edu/HOL/Index?collection=congrec&set_as_cursor=clear' target = '_blank'>US Congressional Documents 1789-2025</a>
US Congressional Serial Set 1789-2023,https://heinonline-org.ezproxy.lib.vt.edu/HOL/Index?collection=usccsset&set_as_cursor=clear,<a href='https://heinonline-org.ezproxy.lib.vt.edu/HOL/Index?collection=usccsset&set_as_cursor=clear' target = '_blank'>US Congressional Serial Set 1789-2023</a>
"US Federal Agency Documents, Decisions, and Appeals 1789-2025",https://heinonline-org.ezproxy.lib.vt.edu/HOL/Index?collection=usfed&set_as_cursor=clear,"<a href='https://heinonline-org.ezproxy.lib.vt.edu/HOL/Index?collection=usfed&set_as_cursor=clear' target = '_blank'>US Federal Agency Documents, Decisions, and Appeals 1789-2025</a>"
US Federal Legislative History Library 1890-2025,https://heinonline-org.ezproxy.lib.vt.edu/HOL/Index?collection=leghis&set_as_cursor=clear,<a href='https://heinonline-org.ezproxy.lib.vt.edu/HOL/Index?collection=leghis&set_as_cursor=clear' target = '_blank'>US Federal Legislative History Library 1890-2025</a>
US Presidential Library 1789-2025,https://heinonline-org.ezproxy.lib.vt.edu/HOL/Index?collection=presidents&set_as_cursor=clear,<a href='https://heinonline-org.ezproxy.lib.vt.edu/HOL/Index?collection=presidents&set_as_cursor=clear' target = '_blank'>US Presidential Library 1789-2025</a>
US Treaties and Agreements Library 1686-2025,https://heinonline-org.ezproxy.lib.vt.edu/HOL/Index?collection=ustreaties&set_as_cursor=clear,<a href='https://heinonline-org.ezproxy.lib.vt.edu/HOL/Index?collection=ustreaties&set_as_cursor=clear' target = '_blank'>US Treaties and Agreements Library 1686-2025</a>
Voting Rights & Election Law 1682-2025,https://heinonline-org.ezproxy.lib.vt.edu/HOL/Index?collection=election&set_as_cursor=clear,<a href='https://heinonline-org.ezproxy.lib.vt.edu/HOL/Index?collection=election&set_as_cursor=clear' target = '_blank'>Voting Rights & Election Law 1682-2025</a>
West Academic Casebooks Archive 1888-2020,https://heinonline-org.ezproxy.lib.vt.edu/HOL/Index?collection=wacas&set_as_cursor=clear,<a href='https://heinonline-org.ezproxy.lib.vt.edu/HOL/Index?collection=wacas&set_as_cursor=clear' target = '_blank'>West Academic Casebooks Archive 1888-2020</a>
Women and the Law [Peggy] 1584-2025,https://heinonline-org.ezproxy.lib.vt.edu/HOL/Index?collection=peggy&set_as_cursor=clear,<a href='https://heinonline-org.ezproxy.lib.vt.edu/HOL/Index?collection=peggy&set_as_cursor=clear' target = '_blank'>Women and the Law [Peggy] 1584-2025</a>
World Constitutions Illustrated 1479-2024,https://heinonline-org.ezproxy.lib.vt.edu/HOL/Index?collection=cow&set_as_cursor=clear,<a href='https://heinonline-org.ezproxy.lib.vt.edu/HOL/Index?collection=cow&set_as_cursor=clear' target = '_blank'>World Constitutions Illustrated 1479-2024</a>
NewspaperARCHIVE 16th-21st cent,https://guides.lib.vt.edu/newspaper-archive,<a href='https://guides.lib.vt.edu/newspaper-archive' target = '_blank'>NewspaperARCHIVE 16th-21st cent</a>
"Fire Insurance Maps Online [FIMo]: Virginia, DC only 19th-20th cent.",https://fims-historicalinfo-com.ezproxy.lib.vt.edu/FIMS.aspx,"<a href='https://fims-historicalinfo-com.ezproxy.lib.vt.edu/FIMS.aspx' target = '_blank'>Fire Insurance Maps Online [FIMo]: Virginia, DC only 19th-20th cent.</a>"
HistoryMakers Digital Archive [open access] 20th-21st cent.,https://da-thehistorymakers-org.ezproxy.lib.vt.edu/home,<a href='https://da-thehistorymakers-org.ezproxy.lib.vt.edu/home' target = '_blank'>HistoryMakers Digital Archive [open access] 20th-21st cent.</a>
Audio Archive [Internet Archive]. [open access] 20th-21st cent.,https://archive.org/details/audio,<a href='https://archive.org/details/audio' target = '_blank'>Audio Archive [Internet Archive]. [open access] 20th-21st cent.</a>
Books [Internet Archive]. [open access],https://archive.org/details/texts,<a href='https://archive.org/details/texts' target = '_blank'>Books [Internet Archive]. [open access]</a>
Image Archive [Internet Archive]. [open access],https://archive.org/details/image,<a href='https://archive.org/details/image' target = '_blank'>Image Archive [Internet Archive]. [open access]</a>
Moving Image Archive [Internet Archive]. [open access],https://archive.org/details/movies,<a href='https://archive.org/details/movies' target = '_blank'>Moving Image Archive [Internet Archive]. [open access]</a>
Collections on JSTOR 19th-21st cent.,https://www.jstor.org/site/collection-list/,<a href='https://www.jstor.org/site/collection-list/' target = '_blank'>Collections on JSTOR 19th-21st cent.</a>
JSTOR Images (formerly ARTSTOR),https://www-jstor-org.ezproxy.lib.vt.edu/action/doImageSearch,<a href='https://www-jstor-org.ezproxy.lib.vt.edu/action/doImageSearch' target = '_blank'>JSTOR Images (formerly ARTSTOR)</a>
JSTOR Journals,https://www-jstor-org.ezproxy.lib.vt.edu/action/showAdvancedSearch,<a href='https://www-jstor-org.ezproxy.lib.vt.edu/action/showAdvancedSearch' target = '_blank'>JSTOR Journals</a>
Chronicling America: Historic American Newspapers [open access] 1756-1963,https://chroniclingamerica.loc.gov/,<a href='https://chroniclingamerica.loc.gov/' target = '_blank'>Chronicling America: Historic American Newspapers [open access] 1756-1963</a>
American Archive of Public Broadcasting [open access] 20th-21st Cent,https://americanarchive.org/,<a href='https://americanarchive.org/' target = '_blank'>American Archive of Public Broadcasting [open access] 20th-21st Cent</a>
LLMC Digital 16th-21st cent.,https://llmc-com.ezproxy.lib.vt.edu/,<a href='https://llmc-com.ezproxy.lib.vt.edu/' target = '_blank'>LLMC Digital 16th-21st cent.</a>
Trove: Digitised Australian Historical Newspapers and More [open access] 1803-2023,https://trove.nla.gov.au/newspaper/,<a href='https://trove.nla.gov.au/newspaper/' target = '_blank'>Trove: Digitised Australian Historical Newspapers and More [open access] 1803-2023</a>
Medical Heritage Library: National Library of Medicine Digital Collections [open access] 15th-21st cent.,https://collections.nlm.nih.gov/,<a href='https://collections.nlm.nih.gov/' target = '_blank'>Medical Heritage Library: National Library of Medicine Digital Collections [open access] 15th-21st cent.</a>
PapersPast (New Zealand) [open access] 1839-1989,https://paperspast.natlib.govt.nz/,<a href='https://paperspast.natlib.govt.nz/' target = '_blank'>PapersPast (New Zealand) [open access] 1839-1989</a>
Asian Life in America 1869-2025,https://guides.lib.vt.edu/asian-life-america,<a href='https://guides.lib.vt.edu/asian-life-america' target = '_blank'>Asian Life in America 1869-2025</a>
Black Life in America 1783-2025,https://guides.lib.vt.edu/black_life_in_america,<a href='https://guides.lib.vt.edu/black_life_in_america' target = '_blank'>Black Life in America 1783-2025</a>
Hispanic Life in America 1845-2025,https://guides.lib.vt.edu/hispanic_life_america_seriesIII,<a href='https://guides.lib.vt.edu/hispanic_life_america_seriesIII' target = '_blank'>Hispanic Life in America 1845-2025</a>
Academic Video Online [AVON] 20th-21st cent,https://www-proquest-com.ezproxy.lib.vt.edu/avon/fromDatabasesLayer?accountid=14826,<a href='https://www-proquest-com.ezproxy.lib.vt.edu/avon/fromDatabasesLayer?accountid=14826' target = '_blank'>Academic Video Online [AVON] 20th-21st cent</a>
American History in Video 20th-21st cent,https://search-alexanderstreet-com.ezproxy.lib.vt.edu/ahiv,<a href='https://search-alexanderstreet-com.ezproxy.lib.vt.edu/ahiv' target = '_blank'>American History in Video 20th-21st cent</a>
"American Periodicals, 1740-1940",https://www-proquest-com.ezproxy.lib.vt.edu/americanperiodicals/publicationbrowse/false?accountid=14826,"<a href='https://www-proquest-com.ezproxy.lib.vt.edu/americanperiodicals/publicationbrowse/false?accountid=14826' target = '_blank'>American Periodicals, 1740-1940</a>"
Atlanta Constitution 1868-1985,https://www.proquest.com/hnpatlantaconstitution2?accountid=14826,<a href='https://www.proquest.com/hnpatlantaconstitution2?accountid=14826' target = '_blank'>Atlanta Constitution 1868-1985</a>
Atlanta Daily World 1931-2010,https://www.proquest.com/hnpatlantadailyworld1?accountid=14826,<a href='https://www.proquest.com/hnpatlantadailyworld1?accountid=14826' target = '_blank'>Atlanta Daily World 1931-2010</a>
Baltimore Afro-American 1893-1988,https://www.proquest.com/hnpbaltimoreafricanamerican?accountid=14826,<a href='https://www.proquest.com/hnpbaltimoreafricanamerican?accountid=14826' target = '_blank'>Baltimore Afro-American 1893-1988</a>
Black Freedom Struggle in the United States: A Selection of Primary Sources 1790-2020,https://blackfreedom.proquest.com/,<a href='https://blackfreedom.proquest.com/' target = '_blank'>Black Freedom Struggle in the United States: A Selection of Primary Sources 1790-2020</a>
Black Studies Center 1893-2025,https://www.proquest.com/bsc?accountid=14826,<a href='https://www.proquest.com/bsc?accountid=14826' target = '_blank'>Black Studies Center 1893-2025</a>
"British Periodicals, 1681-1939",https://www.proquest.com/britishperiodicals?accountid=14826,"<a href='https://www.proquest.com/britishperiodicals?accountid=14826' target = '_blank'>British Periodicals, 1681-1939</a>"
Chicago Defender,https://www.proquest.com/hnpchicagodefender?accountid=14826,<a href='https://www.proquest.com/hnpchicagodefender?accountid=14826' target = '_blank'>Chicago Defender</a>
Chicago Tribune,https://www.proquest.com/hnpchicagotribune?accountid=14826,<a href='https://www.proquest.com/hnpchicagotribune?accountid=14826' target = '_blank'>Chicago Tribune</a>
Christian Science Monitor,https://www.proquest.com/hnpchristiansciencemonitor?accountid=14826,<a href='https://www.proquest.com/hnpchristiansciencemonitor?accountid=14826' target = '_blank'>Christian Science Monitor</a>
Cleveland Call & Post,https://www.proquest.com/publication/40002/citation/C45824642B144525PQ/19?accountid=14826,<a href='https://www.proquest.com/publication/40002/citation/C45824642B144525PQ/19?accountid=14826' target = '_blank'>Cleveland Call & Post</a>
"Colonial State Papers, 1574-1757",https://www-proquest-com.ezproxy.lib.vt.edu/csp/fromDatabasesLayer?accountid=14826,"<a href='https://www-proquest-com.ezproxy.lib.vt.edu/csp/fromDatabasesLayer?accountid=14826' target = '_blank'>Colonial State Papers, 1574-1757</a>"
"Digital National Security Archive, 1945-",https://www-proquest-com.ezproxy.lib.vt.edu/dnsa/fromDatabasesLayer?accountid=14826,"<a href='https://www-proquest-com.ezproxy.lib.vt.edu/dnsa/fromDatabasesLayer?accountid=14826' target = '_blank'>Digital National Security Archive, 1945-</a>"
"Documents on British Policy Overseas, 1898-1990",https://www-proquest-com.ezproxy.lib.vt.edu/dbpo/fromDatabasesLayer?accountid=14826,"<a href='https://www-proquest-com.ezproxy.lib.vt.edu/dbpo/fromDatabasesLayer?accountid=14826' target = '_blank'>Documents on British Policy Overseas, 1898-1990</a>"
Early English Books Online (EEBO)  [in Early Modern Books] 1470-1700,https://www.proquest.com/eebo?accountid=14826,<a href='https://www.proquest.com/eebo?accountid=14826' target = '_blank'>Early English Books Online (EEBO)  [in Early Modern Books] 1470-1700</a>
Early European Books  [in Early Modern Books] 1473-1700,https://www.proquest.com/eeb?accountid=14826,<a href='https://www.proquest.com/eeb?accountid=14826' target = '_blank'>Early European Books  [in Early Modern Books] 1473-1700</a>
"Economist Intelligence Unit Country Reports Archive, 1952-1995",https://www-proquest-com.ezproxy.lib.vt.edu/eiuarchive/fromDatabasesLayer?accountid=14826,"<a href='https://www-proquest-com.ezproxy.lib.vt.edu/eiuarchive/fromDatabasesLayer?accountid=14826' target = '_blank'>Economist Intelligence Unit Country Reports Archive, 1952-1995</a>"
Guardian and The Observer [London] 1791-2003,https://www.proquest.com/hnpguardianobserver?accountid=14826,<a href='https://www.proquest.com/hnpguardianobserver?accountid=14826' target = '_blank'>Guardian and The Observer [London] 1791-2003</a>
Los Angeles Sentinel 1934-2025,https://www.proquest.com/publication/46485?accountid=14826,<a href='https://www.proquest.com/publication/46485?accountid=14826' target = '_blank'>Los Angeles Sentinel 1934-2025</a>
Los Angeles Times 1881-2001,https://www.proquest.com/hnplatimes?accountid=14826,<a href='https://www.proquest.com/hnplatimes?accountid=14826' target = '_blank'>Los Angeles Times 1881-2001</a>
Meet the Press 1947-2025,https://search-alexanderstreet-com.ezproxy.lib.vt.edu/meet,<a href='https://search-alexanderstreet-com.ezproxy.lib.vt.edu/meet' target = '_blank'>Meet the Press 1947-2025</a>
NAACP Papers  [Civil Rights and the Black Freedom Struggle] 1901-1999,https://www.proquest.com/historyvault?accountid=14826,<a href='https://www.proquest.com/historyvault?accountid=14826' target = '_blank'>NAACP Papers  [Civil Rights and the Black Freedom Struggle] 1901-1999</a>
New York Amsterdam News 1922-1993,https://www.proquest.com/hnpnewamsterdamnews?accountid=14826,<a href='https://www.proquest.com/hnpnewamsterdamnews?accountid=14826' target = '_blank'>New York Amsterdam News 1922-1993</a>
New York Times 1851-2021,https://www.proquest.com/hnpnewyorktimes?accountid=14826,<a href='https://www.proquest.com/hnpnewyorktimes?accountid=14826' target = '_blank'>New York Times 1851-2021</a>
Norfolk Journal and Guide 1916-2003,https://www.proquest.com/hnpnorfolkjournalguide?accountid=14826,<a href='https://www.proquest.com/hnpnorfolkjournalguide?accountid=14826' target = '_blank'>Norfolk Journal and Guide 1916-2003</a>
Oral History Online 20th-21st cent,https://search-alexanderstreet-com.ezproxy.lib.vt.edu/orhi,<a href='https://search-alexanderstreet-com.ezproxy.lib.vt.edu/orhi' target = '_blank'>Oral History Online 20th-21st cent</a>
"Entertainment Industry Magazine Archive (EIMA), 1880-2015",https://www.proquest.com/eima?accountid=14826,"<a href='https://www.proquest.com/eima?accountid=14826' target = '_blank'>Entertainment Industry Magazine Archive (EIMA), 1880-2015</a>"
Periodicals Archive Online (PAO) 1803-2005,https://www.proquest.com/pao?accountid=14826,<a href='https://www.proquest.com/pao?accountid=14826' target = '_blank'>Periodicals Archive Online (PAO) 1803-2005</a>
Philadelphia Tribune 1912-2010,https://www.proquest.com/publication/46478/citation/C505165961144245PQ/2?accountid=14826,<a href='https://www.proquest.com/publication/46478/citation/C505165961144245PQ/2?accountid=14826' target = '_blank'>Philadelphia Tribune 1912-2010</a>
Pittsburgh Courier 1911-1950,https://www.proquest.com/hnppittsburghcourier1/publication/28476?accountid=14826,<a href='https://www.proquest.com/hnppittsburghcourier1/publication/28476?accountid=14826' target = '_blank'>Pittsburgh Courier 1911-1950</a>
ProQuest Dissertations & Theses Global‎  1606-2025,https://www.proquest.com/pqdtglobal?accountid=14826,<a href='https://www.proquest.com/pqdtglobal?accountid=14826' target = '_blank'>ProQuest Dissertations & Theses Global‎  1606-2025</a>
"Rolling Stone Archive, 1967-2021",https://guides.lib.vt.edu/rolling_stone_archive,"<a href='https://guides.lib.vt.edu/rolling_stone_archive' target = '_blank'>Rolling Stone Archive, 1967-2021</a>"
"Statistical Abstract of the US, 1878-",https://statabs-proquest-com.ezproxy.lib.vt.edu/statab/sa/index.html,"<a href='https://statabs-proquest-com.ezproxy.lib.vt.edu/statab/sa/index.html' target = '_blank'>Statistical Abstract of the US, 1878-</a>"
US Congressional Serial Set [ProQuest Congressional] 1790-2020,https://guides.lib.vt.edu/proquest-congressional,<a href='https://guides.lib.vt.edu/proquest-congressional' target = '_blank'>US Congressional Serial Set [ProQuest Congressional] 1790-2020</a>
Wall Street Journal 1889-2013,https://www.proquest.com/hnpwallstreetjournal?accountid=14826,<a href='https://www.proquest.com/hnpwallstreetjournal?accountid=14826' target = '_blank'>Wall Street Journal 1889-2013</a>
Washington Post 1877-2008,https://www.proquest.com/hnpwashingtonpost?accountid=14826,<a href='https://www.proquest.com/hnpwashingtonpost?accountid=14826' target = '_blank'>Washington Post 1877-2008</a>
"Women and Social Movements in the United States, 1600-2000",https://search-alexanderstreet-com.ezproxy.lib.vt.edu/wass,"<a href='https://search-alexanderstreet-com.ezproxy.lib.vt.edu/wass' target = '_blank'>Women and Social Movements in the United States, 1600-2000</a>"
African American Newspapers 1827-1995 [in America's Historical Newspapers],https://infoweb-newsbank-com.ezproxy.lib.vt.edu/iw-search/we/HistArchive/?p_product=EANX&p_theme=ahnp&p_nbid=B60N60GYMTYyNTY4NjUyNy43NTU4NzM6MToxMzoxOTguODIuMjMwLjM1&p_action=timeframes&p_queryname=2&d_hlTerms=&d_customSearchFields=0&d_locations=&d_languages=&d_locations_abbrev=&d_locchecks=&d_dates=&d_datestext=&d_datetype=&d_publication=&d_publicationHistory=&f_lochistory=reset&f_datehistory=reset&d_collections=EANAAA,<a href='https://infoweb-newsbank-com.ezproxy.lib.vt.edu/iw-search/we/HistArchive/?p_product=EANX&p_theme=ahnp&p_nbid=B60N60GYMTYyNTY4NjUyNy43NTU4NzM6MToxMzoxOTguODIuMjMwLjM1&p_action=timeframes&p_queryname=2&d_hlTerms=&d_customSearchFields=0&d_locations=&d_languages=&d_locations_abbrev=&d_locchecks=&d_dates=&d_datestext=&d_datetype=&d_publication=&d_publicationHistory=&f_lochistory=reset&f_datehistory=reset&d_collections=EANAAA' target = '_blank'>African American Newspapers 1827-1995 [in America's Historical Newspapers]</a>
African Americans and Jim Crow: Repression and Protest  1883-1922,https://guides.lib.vt.edu/african_americans_jim_crow,<a href='https://guides.lib.vt.edu/african_americans_jim_crow' target = '_blank'>African Americans and Jim Crow: Repression and Protest  1883-1922</a>
African Americans and Reconstruction: Hope and Struggle 1865-1883,https://guides.lib.vt.edu/african_americans_reconstruction,<a href='https://guides.lib.vt.edu/african_americans_reconstruction' target = '_blank'>African Americans and Reconstruction: Hope and Struggle 1865-1883</a>
America's Historical Imprints 1640-1900,https://guides.lib.vt.edu/americas-historical-imprints,<a href='https://guides.lib.vt.edu/americas-historical-imprints' target = '_blank'>America's Historical Imprints 1640-1900</a>
BBC Monitoring: Summary of World Broadcasts 1939-2001,https://guides.lib.vt.edu/bbc-monitoring,<a href='https://guides.lib.vt.edu/bbc-monitoring' target = '_blank'>BBC Monitoring: Summary of World Broadcasts 1939-2001</a>
Native American Tribal Histories 1810-1979,https://guides.lib.vt.edu/nath,<a href='https://guides.lib.vt.edu/nath' target = '_blank'>Native American Tribal Histories 1810-1979</a>
"Richmond Times-Dispatch, 1903-2025",https://infoweb-newsbank-com.ezproxy.lib.vt.edu/apps/news/browse-multi?p=WORLDNEWS&t=favorite%3A135B950C%21RIchmond%2520Times-Dispatch%2520Current%2520and%2520Historical&action=browse,"<a href='https://infoweb-newsbank-com.ezproxy.lib.vt.edu/apps/news/browse-multi?p=WORLDNEWS&t=favorite%3A135B950C%21RIchmond%2520Times-Dispatch%2520Current%2520and%2520Historical&action=browse' target = '_blank'>Richmond Times-Dispatch, 1903-2025</a>"
"Roanoke Times, 1889-2025",https://infoweb-newsbank-com.ezproxy.lib.vt.edu/apps/news/browse-multi?p=WORLDNEWS&t=favorite%3A14706BFB%21Roanoke%2520Times%2520Current%2520and%2520Historical&action=browse,"<a href='https://infoweb-newsbank-com.ezproxy.lib.vt.edu/apps/news/browse-multi?p=WORLDNEWS&t=favorite%3A14706BFB%21Roanoke%2520Times%2520Current%2520and%2520Historical&action=browse' target = '_blank'>Roanoke Times, 1889-2025</a>"
"Virginian-Pilot, 1865-2003; 2018-",https://infoweb-newsbank-com.ezproxy.lib.vt.edu/apps/news/browse-multi?p=WORLDNEWS&t=favorite%3A146D908D%21Virginian-Pilot%2520%2520and%2520Ledger-Star%2520Current%2520and%2520Historical%2520Archive&action=browse,"<a href='https://infoweb-newsbank-com.ezproxy.lib.vt.edu/apps/news/browse-multi?p=WORLDNEWS&t=favorite%3A146D908D%21Virginian-Pilot%2520%2520and%2520Ledger-Star%2520Current%2520and%2520Historical%2520Archive&action=browse' target = '_blank'>Virginian-Pilot, 1865-2003; 2018-</a>"
"American Prison Newspapers, 1800-2020:",https://www-jstor-org.ezproxy.lib.vt.edu/site/reveal-digital/american-prison-newspapers/,"<a href='https://www-jstor-org.ezproxy.lib.vt.edu/site/reveal-digital/american-prison-newspapers/' target = '_blank'>American Prison Newspapers, 1800-2020:</a>"
Independent Voices 20th-21st cent.,https://guides.lib.vt.edu/independent-voices,<a href='https://guides.lib.vt.edu/independent-voices' target = '_blank'>Independent Voices 20th-21st cent.</a>
Student Activism 20th-21st cent.,https://www-jstor-org.ezproxy.lib.vt.edu/site/reveal-digital/student-activism/,<a href='https://www-jstor-org.ezproxy.lib.vt.edu/site/reveal-digital/student-activism/' target = '_blank'>Student Activism 20th-21st cent.</a>
HathiTrust Digital Library 19th-20th cent.,https://guides.lib.vt.edu/hathitrust,<a href='https://guides.lib.vt.edu/hathitrust' target = '_blank'>HathiTrust Digital Library 19th-20th cent.</a>
Social Explorer,https://guides.lib.vt.edu/social-explorer,<a href='https://guides.lib.vt.edu/social-explorer' target = '_blank'>Social Explorer</a>
HNDM: Hemeroteca Nacional Digital de México [National Digital Newspaper Library of Mexico]  [open access] 1917-2025,https://hndm.iib.unam.mx/index.php/es/,<a href='https://hndm.iib.unam.mx/index.php/es/' target = '_blank'>HNDM: Hemeroteca Nacional Digital de México [National Digital Newspaper Library of Mexico]  [open access] 1917-2025</a>
Caribbean Newspaper Digital Collection  [open access] 1774-2024,https://dloc.com/collections/CNDL,<a href='https://dloc.com/collections/CNDL' target = '_blank'>Caribbean Newspaper Digital Collection  [open access] 1774-2024</a>
Digital Library of the Caribbean  [open access] 1555-2024,https://dloc.com/,<a href='https://dloc.com/' target = '_blank'>Digital Library of the Caribbean  [open access] 1555-2024</a>
Making of America (19th Century in Print) - Univ of Michigan  [open access],http://docs.umdl.umich.edu/m/moagrp/,<a href='http://docs.umdl.umich.edu/m/moagrp/' target = '_blank'>Making of America (19th Century in Print) - Univ of Michigan  [open access]</a>
"Foreign Relations of the United States, 1861-1960  [open access]",https://digital.library.wisc.edu/1711.dl/FRUS,"<a href='https://digital.library.wisc.edu/1711.dl/FRUS' target = '_blank'>Foreign Relations of the United States, 1861-1960  [open access]</a>"
PodcastRE  [open access] 21st cent,https://podcastre.org/,<a href='https://podcastre.org/' target = '_blank'>PodcastRE  [open access] 21st cent</a>
Presidential Speeches  [open access] 1732-2025,https://millercenter.org/the-presidency/presidential-speeches,<a href='https://millercenter.org/the-presidency/presidential-speeches' target = '_blank'>Presidential Speeches  [open access] 1732-2025</a>
Civil War PhotoSleuth   [open access],https://www.civilwarphotosleuth.com/,<a href='https://www.civilwarphotosleuth.com/' target = '_blank'>Civil War PhotoSleuth   [open access]</a>
VT ImageBase,https://imagebase.lib.vt.edu/,<a href='https://imagebase.lib.vt.edu/' target = '_blank'>VT ImageBase</a>
ImageBase from VT Libraries Special Collections and University Archives,https://imagebase.lib.vt.edu/,<a href='https://imagebase.lib.vt.edu/' target = '_blank'>ImageBase from VT Libraries Special Collections and University Archives</a>
"American Journeys (including many ""Draper Manuscripts"" documents)  [open access] 1000-1844",https://www.americanjourneys.org/,"<a href='https://www.americanjourneys.org/' target = '_blank'>American Journeys (including many ""Draper Manuscripts"" documents)  [open access] 1000-1844</a>"
American Congress Digital Archives Portal  [open access] 17th-21st cent.,https://wvrhc.lib.wvu.edu/collections/mcppc/acdap,<a href='https://wvrhc.lib.wvu.edu/collections/mcppc/acdap' target = '_blank'>American Congress Digital Archives Portal  [open access] 17th-21st cent.</a>
Documenting the American South (DocSouth)  [open access] 16th-21st cent.,https://docsouth.unc.edu/,<a href='https://docsouth.unc.edu/' target = '_blank'>Documenting the American South (DocSouth)  [open access] 16th-21st cent.</a>
Document Bank of Virginia,https://edu.lva.virginia.gov/dbva/,<a href='https://edu.lva.virginia.gov/dbva/' target = '_blank'>Document Bank of Virginia</a>
Virginia Memory,https://www.virginiamemory.com/about/site_search,<a href='https://www.virginiamemory.com/about/site_search' target = '_blank'>Virginia Memory</a>
